silhouette,davies_bouldin,calinski_harabasz,K,inertia,method,BIC,AIC
0.6058410611265661,0.24545872366525034,11.653759403608717,2,47.8356535261354,KMeans,,
0.2908951053767955,0.8208766840780085,11.955952738367506,3,31.388556840812303,KMeans,,
0.2614947150018089,0.6423554178143701,11.073887072231702,4,23.906540156996304,KMeans,,
0.285903188110744,0.540657797754251,12.349921186187276,5,16.612463146029924,KMeans,,
0.26864248755539905,1.4073218872157387,5.101862265256151,2,,GMM,159.908235952203,125.74648884589814
0.2969690352841236,0.9359613082807057,10.27935872337742,3,,GMM,100.3679572715865,48.70872994010111
0.2614947150018089,0.6423554178143701,11.073887072231702,4,,GMM,116.16868820216712,47.01198064550118
0.23846494661872022,0.5929583621471146,9.822926720351726,5,,GMM,4.970141969719862,-81.68404581212661
