,Safe,Warning,Crash
Safe,0.44502617801047123,0.3717277486910995,0.18324607329842932
Warning,0.23440134907251264,0.433389544688027,0.33220910623946037
Crash,0.13761467889908258,0.44495412844036697,0.41743119266055045
