,Safe,Warning,Crash
Safe,0.38504464285714285,0.37276785714285715,0.2421875
Warning,0.287751677852349,0.4035234899328859,0.3087248322147651
Crash,0.18577777777777776,0.33511111111111114,0.4791111111111111
