,Safe,Warning,Crash
Safe,0.43958868894601544,0.37532133676092544,0.18508997429305912
Warning,0.2411467116357504,0.45531197301854975,0.30354131534569984
Crash,0.1445221445221445,0.4358974358974359,0.4195804195804196
