,Low Risk,Medium Risk,High Risk
Low Risk,0.4370179948586118,0.37532133676092544,0.18766066838046272
Medium Risk,0.24328859060402686,0.4412751677852349,0.31543624161073824
High Risk,0.1431924882629108,0.43896713615023475,0.41784037558685444
